1,cdicey0@icq.com,eR1|$\jm$w\,1
2,fsooper1@google.cn,"nK0,o'CK`=""\X)'",2
3,pjuggins2@oaic.gov.au,"jS8""3+3pND_Z$WR",3
4,fwhapples3@alibaba.com,hL9@QUutL,4
5,rschirach4@nydailynews.com,mT9!oS@lFX,5
6,ashoulder5@360.cn,rZ7|8Ho|6~YLOZD,6
7,siacovini6@theglobeandmail.com,eD5)`ccy2D{i3,7
8,mshave7@example.com,kB2+3.DVja,8
9,srickwood8@home.pl,"iC4""'m0hVbp87)",9
10,jtadman9@liveinternet.ru,tH1$qD'>L6Xr<U0,10
11,fringa@illinois.edu,kA6@oq}=d,11
12,csatchelb@canalblog.com,dO3/Xoq~HK+!MN~u,12
13,cflecknoec@oaic.gov.au,cH4&'v?&B5rc5,13
14,bedgleyd@behance.net,"nM6}6,CnaG7IM",14
15,cgulleye@twitter.com,dK4{%NBMygvu%xqM,15
16,tthiesef@printfriendly.com,gF6#|@el0v<,16
17,smcgiffg@xrea.com,dB8{j0coOeN,17
18,lpridieh@typepad.com,"gS9,zOQE1xa",18
19,aholsoni@redcross.org,rT9\djDlosw&,19
20,eorrockj@yellowpages.com,"bP1+~sOO""QG_eiQM",20
21,bgirkinsk@woothemes.com,kK5.?i3$,21
22,rkrolakl@behance.net,fX6.yha4IZ5T,22
23,gnormanm@mail.ru,bB9/u2j0=uy,23
24,mthurnern@nba.com,mK5*QF7GwyH2qZ>,24
25,dmckeurtano@feedburner.com,gB5+h@<o~/,25
26,gwilshinp@gnu.org,tU0_GcPS5,26
27,agallerq@twitter.com,"qF0""aT}bshk'",27
28,rmccomishr@amazon.com,iB1@d\RZxqK}|2'k,28
29,jbennisons@bloglines.com,xD0{6@Jl5SQg,29
30,gmalyont@businesswire.com,iX8!gFc\n!I?_a,30
31,cnorwichu@ucoz.com,mV2%ri_eJW(A,31
32,nscartifieldv@biblegateway.com,wS3<K|i)`,32
33,klambshinew@g.co,sG3%df+G,33
34,cprisex@fotki.com,bT9@nQFa<<,34
35,bigoy@cpanel.net,pF5|nVv/,35
36,acristoforiz@epa.gov,"iO4""Gt*p/0.LMyn<",36
37,tfransseni10@house.gov,gW7(Q{Yx`4,37
38,fgaukroger11@newsvine.com,wG3&LEeZ,38
39,wlocker12@businesswire.com,pP3&1%\agWeyqmKQ,39
40,bmacellen13@ucoz.com,gL7~1Wv>Uo&bh)9,40
41,gbairnsfather14@storify.com,tO1~kh<?w=XQ975,41
42,twaterstone15@networksolutions.com,dD7>=gQ)dsF5H,42
43,tyukhov16@wiley.com,eC2$x_YUwG@7Hc,43
44,hcornels17@wiley.com,bM4$?{p7'+fR,44
45,jdavidovsky18@mashable.com,dX2(4f`ls'N3z3,45
46,htales19@irs.gov,hW9\1w}t?,46
47,smcilory1a@utexas.edu,kM6'6fvw<fBNeZK,47
48,pcarrell1b@google.it,sY7@Et&#cl,48
49,cwilding1c@gov.uk,fA1.!Mz%JS_Ft,49
50,nfilyukov1d@skyrock.com,zN9%#!1YH#)b,50
51,bdyde1e@timesonline.co.uk,lE1*`JrYF=AGOsC,51
52,beverist1f@cargocollective.com,tH2@8z)~.M@_,52
53,ibonanno1g@tripod.com,mS6<JXQk,53
54,gruslinge1h@newsvine.com,jH2/>wrI$Oeaevr,54
55,afrankes1i@slashdot.org,"aL3?7|47""mnLpp",55
56,mros1j@google.co.jp,oO3.InjM1|s,56
57,gcoy1k@wordpress.org,aI8+zoyW_G`C>,57
58,ckernocke1l@angelfire.com,"aJ4""vt""K",58
59,kangliss1m@cafepress.com,mU9=Trl%t5$Nbo,59
60,oswinburn1n@hatena.ne.jp,hT8/44F+j,60
61,cfeakins1o@uiuc.edu,"pJ5,a8Kk,SA",61
62,kduddan1p@paginegialle.it,qG8(&B{VCTQg,62
63,glyenyng1q@ask.com,gO9`/I5L,63
64,ydevonside1r@admin.ch,cD5<3{Fy<33$,64
65,tcoda1s@psu.edu,wX2|Q9Oa%q}eor,65
66,bscarrott1t@china.com.cn,"kP2,QjsX{''1",66
67,jbrickdale1u@patch.com,"oE5>""iP9*ARx`",67
68,fdegoey1v@freewebs.com,cM5(.8WUbBTnUI,68
69,fmaidment1w@trellian.com,"rF9'!g<>%g,As",69
70,avandaalen1x@usa.gov,sG3&/@W>Mtqp~n>,70
71,elodder1y@cdbaby.com,vW5_z09`,71
72,asprasen1z@twitpic.com,zS8&1&viC.=?AgQ,72
73,tolive20@wordpress.com,qL2'vfhiP+)Q),73
74,dwightman21@gnu.org,"kF6.*=T"".\db",74
75,sgiraux22@fc2.com,nB2?SqHr\#,75
76,ssaintpierre23@flickr.com,tE0+Io@??BS*i.kW,76
77,jdews24@com.com,qW0=s_wM((,77
78,tdoyley25@sina.com.cn,cN7)iK0j=e,78
79,cbeniesh26@wordpress.org,cN3%7(mL\ctYN,79
80,bcogan27@phpbb.com,fV1@IzH%f$,80
81,criping28@prlog.org,tU5%D4|+n,81
82,mscrowby29@wired.com,wA6|+rkQFn7q,82
83,aalyutin2a@xing.com,wY7?qO%d&jIT4p*Y,83
84,emollon2b@irs.gov,"hZ1?Zt,r|4`e3t)!",84
85,bcoie2c@soup.io,fK9+CyQ)nh<g~d,85
86,rbathowe2d@ustream.tv,hQ6?Z11%,86
87,awalhedd2e@myspace.com,sO0~_Hay!\\i,87
88,lgon2f@imdb.com,"hW3""`2b.u",88
89,wkestin2g@yahoo.co.jp,nA4$*JGNnII+'/,89
90,tpetherick2h@illinois.edu,rG4*i2ZV,90
91,helt2i@columbia.edu,aY9(0y5@PhpM,91
92,cfarge2j@biblegateway.com,eX4/D8v3,92
93,rshimmin2k@google.it,dW8#3d'*vp_,93
94,mreina2l@about.me,"cQ1'x@?\""w|ynK`",94
95,rrubi2m@virginia.edu,sZ7/1d0_rTh,95
96,sshepcutt2n@zdnet.com,"bQ7{DmhM*""0'H",96
97,cgriffin2o@flickr.com,uR6&O@g+xLy,97
98,adiver2p@sina.com.cn,vT7)Q#HK,98
99,jabrami2q@nydailynews.com,"wB3$G(+A3""iw,.|",99
100,bbrandacci2r@wix.com,qC7&SZ`3u&.C,100
